,painting index,img src,painting title,season,episode,num colors,youtube src,colors,color hex,black gesso,bright red,burnt umber,cadmium yellow,dark sienna,indian red,indian yellow,liquid black,liquid clear,midnight black,phthalo blue,phthalo green,prussian blue,sap green,titanium white,van dyke brown,yellow ochre,alizarin crimson
1,282,https://www.twoinchbrush.com/images/painting282.png,a walk in the woods,1,1,8,https://www.youtube.com/embed/oh5p5f5 -7a,"[alizarin crimson, bright red, cadmium yellow, phthalo green, prussian blue, sap green, titanium white, van dyke brown]","[#4e1500, #db0000, #ffec00, #102e3c, #021e44, #0a3410, #ffffff, #221b15]",0,1,0,1,0,0,0,0,0,0,0,1,1,1,1,1,0,1
3,284,https://www.twoinchbrush.com/images/painting284.png,ebony sunset,1,3,9,https://www.youtube.com/embed/uozir7povco,"[alizarin crimson, black gesso, bright red, cadmium yellow, phthalo green, prussian blue, sap green, titanium white, van dyke brown]","[#4e1500, #000000, #db0000, #ffec00, #102e3c, #021e44, #0a3410, #ffffff, #221b15]",1,1,0,1,0,0,0,0,0,0,0,1,1,1,1,1,0,1
4,285,https://www.twoinchbrush.com/images/painting285.png,winter mist,1,4,3,https://www.youtube.com/embed/0pwoixrikn4,"[prussian blue, titanium white, van dyke brown]","[#021e44, #ffffff, #221b15]",0,0,0,0,0,0,0,0,0,0,0,0,1,0,1,1,0,0
6,287,https://www.twoinchbrush.com/images/painting287.png,winter moon,1,6,4,https://www.youtube.com/embed/loazruzx1wi,"[black gesso, prussian blue, titanium white, van dyke brown]","[#000000, #021e44, #ffffff, #221b15]",1,0,0,0,0,0,0,0,0,0,0,0,1,0,1,1,0,0
12,293,https://www.twoinchbrush.com/images/painting293.png,snow fall,1,12,4,https://www.youtube.com/embed/4e35-8x y04,"[alizarin crimson, prussian blue, titanium white, van dyke brown]","[#4e1500, #021e44, #ffffff, #221b15]",0,0,0,0,0,0,0,0,0,0,0,0,1,0,1,1,0,1
14,269,https://www.twoinchbrush.com/images/painting269.png,meadow lake,2,1,12,https://www.youtube.com/embed/garwowi0qxi,"[alizarin crimson, bright red, burnt umber, cadmium yellow, indian yellow, phthalo blue, phthalo green, prussian blue, sap green, titanium white, van dyke brown, yellow ochre]","[#4e1500, #db0000, #8a3324, #ffec00, #ffb800, #0c0040, #102e3c, #021e44, #0a3410, #ffffff, #221b15, #c79b00]",0,1,1,1,0,0,1,0,0,0,1,1,1,1,1,1,1,1
16,271,https://www.twoinchbrush.com/images/painting271.png,ebony sea,2,3,13,https://www.youtube.com/embed/aojsknzo3i8,"[alizarin crimson, black gesso, bright red, burnt umber, cadmium yellow, indian yellow, phthalo blue, phthalo green, prussian blue, sap green, titanium white, van dyke brown, yellow ochre]","[#4e1500, #000000, #db0000, #8a3324, #ffec00, #ffb800, #0c0040, #102e3c, #021e44, #0a3410, #ffffff, #221b15, #c79b00]",1,1,1,1,0,0,1,0,0,0,1,1,1,1,1,1,1,1
18,273,https://www.twoinchbrush.com/images/painting273.png,autumn splendor,2,5,11,https://www.youtube.com/embed/rttww5gd79i,"[alizarin crimson, bright red, burnt umber, cadmium yellow, phthalo blue, phthalo green, prussian blue, sap green, titanium white, van dyke brown, yellow ochre]","[#4e1500, #db0000, #8a3324, #ffec00, #0c0040, #102e3c, #021e44, #0a3410, #ffffff, #221b15, #c79b00]",0,1,1,1,0,0,0,0,0,0,1,1,1,1,1,1,1,1
22,277,https://www.twoinchbrush.com/images/painting277.png,black and white seascape,2,9,12,https://www.youtube.com/embed/pmdypre0puo,"[alizarin crimson, black gesso, bright red, cadmium yellow, indian yellow, phthalo blue, phthalo green, prussian blue, sap green, titanium white, van dyke brown, yellow ochre]","[#4e1500, #000000, #db0000, #ffec00, #ffb800, #0c0040, #102e3c, #021e44, #0a3410, #ffffff, #221b15, #c79b00]",1,1,0,1,0,0,1,0,0,0,1,1,1,1,1,1,1,1
24,279,https://www.twoinchbrush.com/images/painting279.png,black waterfall,2,11,12,https://www.youtube.com/embed/gzsqjyqupzq,"[alizarin crimson, black gesso, burnt umber, cadmium yellow, indian yellow, phthalo blue, phthalo green, prussian blue, sap green, titanium white, van dyke brown, yellow ochre]","[#4e1500, #000000, #8a3324, #ffec00, #ffb800, #0c0040, #102e3c, #021e44, #0a3410, #ffffff, #221b15, #c79b00]",1,0,1,1,0,0,1,0,0,0,1,1,1,1,1,1,1,1
30,259,https://www.twoinchbrush.com/images/painting259.png,winter night,3,4,7,https://www.youtube.com/embed/8ysfknywhae,"[alizarin crimson, bright red, cadmium yellow, liquid black, phthalo green, titanium white, van dyke brown]","[#4e1500, #db0000, #ffec00, #000000, #102e3c, #ffffff, #221b15]",0,1,0,1,0,0,0,1,0,0,0,1,0,0,1,1,0,1
31,260,https://www.twoinchbrush.com/images/painting260.png,distant hills,3,5,7,https://www.youtube.com/embed/8zge88tvwje,"[alizarin crimson, burnt umber, cadmium yellow, sap green, titanium white, van dyke brown, yellow ochre]","[#4e1500, #8a3324, #ffec00, #0a3410, #ffffff, #221b15, #c79b00]",0,0,1,1,0,0,0,0,0,0,0,0,0,1,1,1,1,1
32,261,https://www.twoinchbrush.com/images/painting261.png,covered bridge,3,6,10,https://www.youtube.com/embed/ohsm8kle7js,"[alizarin crimson, bright red, burnt umber, cadmium yellow, midnight black, prussian blue, sap green, titanium white, van dyke brown, yellow ochre]","[#4e1500, #db0000, #8a3324, #ffec00, #000000, #021e44, #0a3410, #ffffff, #221b15, #c79b00]",0,1,1,1,0,0,0,0,0,1,0,0,1,1,1,1,1,1
33,262,https://www.twoinchbrush.com/images/painting262.png,quiet inlet,3,7,10,https://www.youtube.com/embed/9n5iwkzyiyu,"[alizarin crimson, burnt umber, cadmium yellow, phthalo blue, phthalo green, prussian blue, sap green, titanium white, van dyke brown, yellow ochre]","[#4e1500, #8a3324, #ffec00, #0c0040, #102e3c, #021e44, #0a3410, #ffffff, #221b15, #c79b00]",0,0,1,1,0,0,0,0,0,0,1,1,1,1,1,1,1,1
34,263,https://www.twoinchbrush.com/images/painting263.png,night light,3,8,9,https://www.youtube.com/embed/l141y0x8om0,"[alizarin crimson, black gesso, burnt umber, cadmium yellow, phthalo green, sap green, titanium white, van dyke brown, yellow ochre]","[#4e1500, #000000, #8a3324, #ffec00, #102e3c, #0a3410, #ffffff, #221b15, #c79b00]",1,0,1,1,0,0,0,0,0,0,0,1,0,1,1,1,1,1
35,264,https://www.twoinchbrush.com/images/painting264.png,the old mill,3,9,10,https://www.youtube.com/embed/ofkfuj9edns,"[alizarin crimson, bright red, burnt umber, cadmium yellow, phthalo blue, prussian blue, sap green, titanium white, van dyke brown, yellow ochre]","[#4e1500, #db0000, #8a3324, #ffec00, #0c0040, #021e44, #0a3410, #ffffff, #221b15, #c79b00]",0,1,1,1,0,0,0,0,0,0,1,0,1,1,1,1,1,1
36,265,https://www.twoinchbrush.com/images/painting265.png,campfire,3,10,8,https://www.youtube.com/embed/l5bxki0-peg,"[alizarin crimson, black gesso, bright red, burnt umber, cadmium yellow, indian yellow, van dyke brown, yellow ochre]","[#4e1500, #000000, #db0000, #8a3324, #ffec00, #ffb800, #221b15, #c79b00]",1,1,1,1,0,0,1,0,0,0,0,0,0,0,0,1,1,1
39,268,https://www.twoinchbrush.com/images/painting268.png,peaceful waters,3,13,9,https://www.youtube.com/embed/z0vtjrlqxcq,"[alizarin crimson, cadmium yellow, phthalo blue, phthalo green, prussian blue, sap green, titanium white, van dyke brown, yellow ochre]","[#4e1500, #ffec00, #0c0040, #102e3c, #021e44, #0a3410, #ffffff, #221b15, #c79b00]",0,0,0,1,0,0,0,0,0,0,1,1,1,1,1,1,1,1
40,243,https://www.twoinchbrush.com/images/painting243.png,purple splendor,4,1,4,https://www.youtube.com/embed/hp4gfmgsnve,"[alizarin crimson, phthalo blue, titanium white, van dyke brown]","[#4e1500, #0c0040, #ffffff, #221b15]",0,0,0,0,0,0,0,0,0,0,1,0,0,0,1,1,0,1
41,244,https://www.twoinchbrush.com/images/painting244.png,tranquil valley,4,2,10,https://www.youtube.com/embed/pbchoowwczs,"[alizarin crimson, bright red, burnt umber, cadmium yellow, indian yellow, phthalo blue, sap green, titanium white, van dyke brown, yellow ochre]","[#4e1500, #db0000, #8a3324, #ffec00, #ffb800, #0c0040, #0a3410, #ffffff, #221b15, #c79b00]",0,1,1,1,0,0,1,0,0,0,1,0,0,1,1,1,1,1
43,246,https://www.twoinchbrush.com/images/painting246.png,winter sawscape,4,4,7,https://www.youtube.com/embed/lmkawkronme,"[black gesso, bright red, burnt umber, cadmium yellow, midnight black, prussian blue, titanium white]","[#000000, #db0000, #8a3324, #ffec00, #000000, #021e44, #ffffff]",1,1,1,1,0,0,0,0,0,1,0,0,1,0,1,0,0,0
44,247,https://www.twoinchbrush.com/images/painting247.png,evening seascape,4,5,10,https://www.youtube.com/embed/y5k4gxw -yi,"[alizarin crimson, black gesso, bright red, burnt umber, cadmium yellow, phthalo blue, phthalo green, prussian blue, titanium white, van dyke brown]","[#4e1500, #000000, #db0000, #8a3324, #ffec00, #0c0040, #102e3c, #021e44, #ffffff, #221b15]",1,1,1,1,0,0,0,0,0,0,1,1,1,0,1,1,0,1
45,248,https://www.twoinchbrush.com/images/painting248.png,warm summer day,4,6,11,https://www.youtube.com/embed/gbn9aiw3ao4,"[alizarin crimson, bright red, burnt umber, cadmium yellow, indian yellow, phthalo blue, prussian blue, sap green, titanium white, van dyke brown, yellow ochre]","[#4e1500, #db0000, #8a3324, #ffec00, #ffb800, #0c0040, #021e44, #0a3410, #ffffff, #221b15, #c79b00]",0,1,1,1,0,0,1,0,0,0,1,0,1,1,1,1,1,1
46,249,https://www.twoinchbrush.com/images/painting249.png,cabin in the woods,4,7,11,https://www.youtube.com/embed/81qkellpa70,"[alizarin crimson, bright red, burnt umber, cadmium yellow, indian yellow, phthalo blue, phthalo green, sap green, titanium white, van dyke brown, yellow ochre]","[#4e1500, #db0000, #8a3324, #ffec00, #ffb800, #0c0040, #102e3c, #0a3410, #ffffff, #221b15, #c79b00]",0,1,1,1,0,0,1,0,0,0,1,1,0,1,1,1,1,1
47,250,https://www.twoinchbrush.com/images/painting250.png,wetlands,4,8,10,https://www.youtube.com/embed/2fpvyganpwm,"[alizarin crimson, bright red, burnt umber, cadmium yellow, indian yellow, prussian blue, sap green, titanium white, van dyke brown, yellow ochre]","[#4e1500, #db0000, #8a3324, #ffec00, #ffb800, #021e44, #0a3410, #ffffff, #221b15, #c79b00]",0,1,1,1,0,0,1,0,0,0,0,0,1,1,1,1,1,1
50,253,https://www.twoinchbrush.com/images/painting253.png,northwest majesty,4,11,10,https://www.youtube.com/embed/9du6bunvd g,"[alizarin crimson, bright red, burnt umber, cadmium yellow, indian yellow, liquid black, prussian blue, sap green, titanium white, van dyke brown]","[#4e1500, #db0000, #8a3324, #ffec00, #ffb800, #000000, #021e44, #0a3410, #ffffff, #221b15]",0,1,1,1,0,0,1,1,0,0,0,0,1,1,1,1,0,1
52,255,https://www.twoinchbrush.com/images/painting255.png,mountain challenge,4,13,10,https://www.youtube.com/embed/o2cjla wgik,"[alizarin crimson, cadmium yellow, indian yellow, phthalo blue, phthalo green, prussian blue, sap green, titanium white, van dyke brown, yellow ochre]","[#4e1500, #ffec00, #ffb800, #0c0040, #102e3c, #021e44, #0a3410, #ffffff, #221b15, #c79b00]",0,0,0,1,0,0,1,0,0,0,1,1,1,1,1,1,1,1
54,231,https://www.twoinchbrush.com/images/painting231.png,twilight meadow,5,2,12,https://www.youtube.com/embed/6evqnloo7bw,"[alizarin crimson, black gesso, bright red, burnt umber, cadmium yellow, indian yellow, phthalo blue, phthalo green, sap green, titanium white, van dyke brown, yellow ochre]","[#4e1500, #000000, #db0000, #8a3324, #ffec00, #ffb800, #0c0040, #102e3c, #0a3410, #ffffff, #221b15, #c79b00]",1,1,1,1,0,0,1,0,0,0,1,1,0,1,1,1,1,1
55,232,https://www.twoinchbrush.com/images/painting232.png,mountain blossoms,5,3,5,https://www.youtube.com/embed/uvhhstjajzc,"[alizarin crimson, liquid black, phthalo blue, phthalo green, titanium white]","[#4e1500, #000000, #0c0040, #102e3c, #ffffff]",0,0,0,0,0,0,0,1,0,0,1,1,0,0,1,0,0,1
56,233,https://www.twoinchbrush.com/images/painting233.png,winter stillness,5,4,7,https://www.youtube.com/embed/qg9c1sqdrko,"[alizarin crimson, burnt umber, indian yellow, phthalo blue, sap green, titanium white, van dyke brown]","[#4e1500, #8a3324, #ffb800, #0c0040, #0a3410, #ffffff, #221b15]",0,0,1,0,0,0,1,0,0,0,1,0,0,1,1,1,0,1
58,235,https://www.twoinchbrush.com/images/painting235.png,ocean sunrise,5,6,6,https://www.youtube.com/embed/u0bz6tnuk1q,"[alizarin crimson, indian yellow, liquid black, prussian blue, titanium white, van dyke brown]","[#4e1500, #ffb800, #000000, #021e44, #ffffff, #221b15]",0,0,0,0,0,0,1,1,0,0,0,0,1,0,1,1,0,1
60,237,https://www.twoinchbrush.com/images/painting237.png,arizona splendor,5,8,9,https://www.youtube.com/embed/spfwch2616s,"[alizarin crimson, burnt umber, cadmium yellow, indian yellow, phthalo blue, sap green, titanium white, van dyke brown, yellow ochre]","[#4e1500, #8a3324, #ffec00, #ffb800, #0c0040, #0a3410, #ffffff, #221b15, #c79b00]",0,0,1,1,0,0,1,0,0,0,1,0,0,1,1,1,1,1
61,238,https://www.twoinchbrush.com/images/painting238.png,anatomy of a wave,5,9,6,https://www.youtube.com/embed/dfqlu6eqrbo,"[alizarin crimson, cadmium yellow, liquid clear, phthalo blue, phthalo green, titanium white]","[#4e1500, #ffec00, #ffffff, #0c0040, #102e3c, #ffffff]",0,0,0,1,0,0,0,0,1,0,1,1,0,0,1,0,0,1
62,239,https://www.twoinchbrush.com/images/painting239.png,the windmill,5,10,11,https://www.youtube.com/embed/xj8xstskbuk,"[alizarin crimson, black gesso, bright red, burnt umber, phthalo blue, phthalo green, prussian blue, sap green, titanium white, van dyke brown, yellow ochre]","[#4e1500, #000000, #db0000, #8a3324, #0c0040, #102e3c, #021e44, #0a3410, #ffffff, #221b15, #c79b00]",1,1,1,0,0,0,0,0,0,0,1,1,1,1,1,1,1,1
63,240,https://www.twoinchbrush.com/images/painting240.png,autumn glory,5,11,8,https://www.youtube.com/embed/ytzlm t0rmy,"[alizarin crimson, burnt umber, cadmium yellow, indian yellow, prussian blue, sap green, titanium white, van dyke brown]","[#4e1500, #8a3324, #ffec00, #ffb800, #021e44, #0a3410, #ffffff, #221b15]",0,0,1,1,0,0,1,0,0,0,0,0,1,1,1,1,0,1
64,241,https://www.twoinchbrush.com/images/painting241.png,indian girl,5,12,5,https://www.youtube.com/embed/2uxmx8kjs8i,"[bright red, burnt umber, indian yellow, prussian blue, titanium white]","[#db0000, #8a3324, #ffb800, #021e44, #ffffff]",0,1,1,0,0,0,1,0,0,0,0,0,1,0,1,0,0,0
66,217,https://www.twoinchbrush.com/images/painting217.png,blue river,6,1,12,https://www.youtube.com/embed/lyguyab78oy,"[alizarin crimson, black gesso, bright red, burnt umber, cadmium yellow, indian yellow, phthalo blue, prussian blue, sap green, titanium white, van dyke brown, yellow ochre]","[#4e1500, #000000, #db0000, #8a3324, #ffec00, #ffb800, #0c0040, #021e44, #0a3410, #ffffff, #221b15, #c79b00]",1,1,1,1,0,0,1,0,0,0,1,0,1,1,1,1,1,1
71,222,https://www.twoinchbrush.com/images/painting222.png,snow trail,6,6,8,https://www.youtube.com/embed/n9esfftwzne,"[alizarin crimson, burnt umber, cadmium yellow, phthalo blue, phthalo green, titanium white, van dyke brown, yellow ochre]","[#4e1500, #8a3324, #ffec00, #0c0040, #102e3c, #ffffff, #221b15, #c79b00]",0,0,1,1,0,0,0,0,0,0,1,1,0,0,1,1,1,1
73,224,https://www.twoinchbrush.com/images/painting224.png,horizons west,6,8,7,https://www.youtube.com/embed/m6um-rn2d6s,"[alizarin crimson, bright red, cadmium yellow, indian yellow, prussian blue, titanium white, van dyke brown]","[#4e1500, #db0000, #ffec00, #ffb800, #021e44, #ffffff, #221b15]",0,1,0,1,0,0,1,0,0,0,0,0,1,0,1,1,0,1
77,228,https://www.twoinchbrush.com/images/painting228.png,marshlands,6,12,11,https://www.youtube.com/embed/ugiwi8uizpg,"[alizarin crimson, black gesso, bright red, burnt umber, cadmium yellow, indian yellow, phthalo blue, sap green, titanium white, van dyke brown, yellow ochre]","[#4e1500, #000000, #db0000, #8a3324, #ffec00, #ffb800, #0c0040, #0a3410, #ffffff, #221b15, #c79b00]",1,1,1,1,0,0,1,0,0,0,1,0,0,1,1,1,1,1
79,203,https://www.twoinchbrush.com/images/painting203.png,winter cabin,7,1,6,https://www.youtube.com/embed/kdlhv6cei gw,"[bright red, dark sienna, prussian blue, titanium white, van dyke brown, yellow ochre]","[#db0000, #5f2e1f, #021e44, #ffffff, #221b15, #c79b00]",0,1,0,0,1,0,0,0,0,0,0,0,1,0,1,1,1,0
80,204,https://www.twoinchbrush.com/images/painting204.png,secluded lake,7,2,12,https://www.youtube.com/embed/2oxsjcfvpou,"[alizarin crimson, bright red, cadmium yellow, dark sienna, indian yellow, midnight black, phthalo blue, phthalo green, sap green, titanium white, van dyke brown, yellow ochre]","[#4e1500, #db0000, #ffec00, #5f2e1f, #ffb800, #000000, #0c0040, #102e3c, #0a3410, #ffffff, #221b15, #c79b00]",0,1,0,1,1,0,1,0,0,1,1,1,0,1,1,1,1,1
81,205,https://www.twoinchbrush.com/images/painting205.png,evergreens at sunset,7,3,7,https://www.youtube.com/embed/yqpey3hygo8,"[alizarin crimson, bright red, cadmium yellow, indian yellow, midnight black, sap green, titanium white]","[#4e1500, #db0000, #ffec00, #ffb800, #000000, #0a3410, #ffffff]",0,1,0,1,0,0,1,0,0,1,0,0,0,1,1,0,0,1
83,208,https://www.twoinchbrush.com/images/painting208.png,portrait of sally,7,5,8,https://www.youtube.com/embed/mhjb0ibnud4,"[alizarin crimson, bright red, cadmium yellow, dark sienna, indian yellow, phthalo blue, titanium white, yellow ochre]","[#4e1500, #db0000, #ffec00, #5f2e1f, #ffb800, #0c0040, #ffffff, #c79b00]",0,1,0,1,1,0,1,0,0,0,1,0,0,0,1,0,1,1
84,209,https://www.twoinchbrush.com/images/painting209.png,misty waterfall,7,6,11,https://www.youtube.com/embed/530 cvmexii,"[alizarin crimson, bright red, dark sienna, indian yellow, midnight black, phthalo blue, phthalo green, sap green, titanium white, van dyke brown, yellow ochre]","[#4e1500, #db0000, #5f2e1f, #ffb800, #000000, #0c0040, #102e3c, #0a3410, #ffffff, #221b15, #c79b00]",0,1,0,0,1,0,1,0,0,1,1,1,0,1,1,1,1,1
85,210,https://www.twoinchbrush.com/images/painting210.png,barn at sunset,7,7,10,https://www.youtube.com/embed/wt6n0k2zgna,"[alizarin crimson, bright red, cadmium yellow, dark sienna, indian yellow, midnight black, phthalo blue, titanium white, van dyke brown, yellow ochre]","[#4e1500, #db0000, #ffec00, #5f2e1f, #ffb800, #000000, #0c0040, #ffffff, #221b15, #c79b00]",0,1,0,1,1,0,1,0,0,1,1,0,0,0,1,1,1,1
86,211,https://www.twoinchbrush.com/images/painting211.png,mountain splendor,7,8,11,https://www.youtube.com/embed/ghogzmppuse,"[alizarin crimson, bright red, cadmium yellow, dark sienna, indian yellow, midnight black, prussian blue, sap green, titanium white, van dyke brown, yellow ochre]","[#4e1500, #db0000, #ffec00, #5f2e1f, #ffb800, #000000, #021e44, #0a3410, #ffffff, #221b15, #c79b00]",0,1,0,1,1,0,1,0,0,1,0,0,1,1,1,1,1,1
87,212,https://www.twoinchbrush.com/images/painting212.png,lake by mountain,7,9,11,https://www.youtube.com/embed/yaiyirlcq7o,"[alizarin crimson, bright red, cadmium yellow, indian yellow, phthalo blue, phthalo green, prussian blue, sap green, titanium white, van dyke brown, yellow ochre]","[#4e1500, #db0000, #ffec00, #ffb800, #0c0040, #102e3c, #021e44, #0a3410, #ffffff, #221b15, #c79b00]",0,1,0,1,0,0,1,0,0,0,1,1,1,1,1,1,1,1
88,213,https://www.twoinchbrush.com/images/painting213.png,mountain glory,7,10,11,https://www.youtube.com/embed/0m9pwlhrr2c,"[bright red, cadmium yellow, dark sienna, indian yellow, midnight black, phthalo blue, prussian blue, sap green, titanium white, van dyke brown, yellow ochre]","[#db0000, #ffec00, #5f2e1f, #ffb800, #000000, #0c0040, #021e44, #0a3410, #ffffff, #221b15, #c79b00]",0,1,0,1,1,0,1,0,0,1,1,0,1,1,1,1,1,0
89,214,https://www.twoinchbrush.com/images/painting214.png,grey winter,7,11,3,https://www.youtube.com/embed/ss-hnygduak,"[alizarin crimson, midnight black, titanium white]","[#4e1500, #000000, #ffffff]",0,0,0,0,0,0,0,0,0,1,0,0,0,0,1,0,0,1
90,215,https://www.twoinchbrush.com/images/painting215.png,dock scene,7,12,9,https://www.youtube.com/embed/4kyxkqlzyqm,"[bright red, cadmium yellow, dark sienna, midnight black, phthalo blue, sap green, titanium white, van dyke brown, yellow ochre]","[#db0000, #ffec00, #5f2e1f, #000000, #0c0040, #0a3410, #ffffff, #221b15, #c79b00]",0,1,0,1,1,0,0,0,0,1,1,0,0,1,1,1,1,0
91,216,https://www.twoinchbrush.com/images/painting216.png,dark waterfall,7,13,11,https://www.youtube.com/embed/vqmbl00ezqw,"[alizarin crimson, bright red, cadmium yellow, dark sienna, indian yellow, liquid black, phthalo blue, sap green, titanium white, van dyke brown, yellow ochre]","[#4e1500, #db0000, #ffec00, #5f2e1f, #ffb800, #000000, #0c0040, #0a3410, #ffffff, #221b15, #c79b00]",0,1,0,1,1,0,1,1,0,0,1,0,0,1,1,1,1,1
92,190,https://www.twoinchbrush.com/images/painting190.png,misty rolling hills,8,1,10,https://www.youtube.com/embed/cc5ozepvkgi,"[alizarin crimson, bright red, cadmium yellow, indian yellow, midnight black, phthalo blue, sap green, titanium white, van dyke brown, yellow ochre]","[#4e1500, #db0000, #ffec00, #ffb800, #000000, #0c0040, #0a3410, #ffffff, #221b15, #c79b00]",0,1,0,1,0,0,1,0,0,1,1,0,0,1,1,1,1,1
99,197,https://www.twoinchbrush.com/images/painting197.png,foot of the mountain,8,8,13,https://www.youtube.com/embed/ciubuc itbc,"[alizarin crimson, bright red, cadmium yellow, dark sienna, indian yellow, midnight black, phthalo blue, phthalo green, prussian blue, sap green, titanium white, van dyke brown, yellow ochre]","[#4e1500, #db0000, #ffec00, #5f2e1f, #ffb800, #000000, #0c0040, #102e3c, #021e44, #0a3410, #ffffff, #221b15, #c79b00]",0,1,0,1,1,0,1,0,0,1,1,1,1,1,1,1,1,1
101,199,https://www.twoinchbrush.com/images/painting199.png,cactus at sunset,8,10,10,https://www.youtube.com/embed/xbqd3qhku24,"[alizarin crimson, black gesso, bright red, cadmium yellow, dark sienna, indian yellow, midnight black, titanium white, van dyke brown, yellow ochre]","[#4e1500, #000000, #db0000, #ffec00, #5f2e1f, #ffb800, #000000, #ffffff, #221b15, #c79b00]",1,1,0,1,1,0,1,0,0,1,0,0,0,0,1,1,1,1
102,200,https://www.twoinchbrush.com/images/painting200.png,mountain range,8,11,10,https://www.youtube.com/embed/v l6olf3yhi,"[alizarin crimson, bright red, cadmium yellow, indian yellow, phthalo blue, prussian blue, sap green, titanium white, van dyke brown, yellow ochre]","[#4e1500, #db0000, #ffec00, #ffb800, #0c0040, #021e44, #0a3410, #ffffff, #221b15, #c79b00]",0,1,0,1,0,0,1,0,0,0,1,0,1,1,1,1,1,1
104,202,https://www.twoinchbrush.com/images/painting202.png,northern lights,8,13,9,https://www.youtube.com/embed/vgbmonxc9cs,"[alizarin crimson, black gesso, bright red, dark sienna, midnight black, phthalo blue, phthalo green, titanium white, van dyke brown]","[#4e1500, #000000, #db0000, #5f2e1f, #000000, #0c0040, #102e3c, #ffffff, #221b15]",1,1,0,0,1,0,0,0,0,1,1,1,0,0,1,1,0,1
105,177,https://www.twoinchbrush.com/images/painting177.png,winter evergreens,9,1,9,https://www.youtube.com/embed/o6l5ypt9ceu,"[alizarin crimson, bright red, dark sienna, midnight black, phthalo blue, prussian blue, titanium white, van dyke brown, yellow ochre]","[#4e1500, #db0000, #5f2e1f, #000000, #0c0040, #021e44, #ffffff, #221b15, #c79b00]",0,1,0,0,1,0,0,0,0,1,1,0,1,0,1,1,1,1
106,178,https://www.twoinchbrush.com/images/painting178.png,surf's up,9,2,11,https://www.youtube.com/embed/zkxfvyyobpq,"[alizarin crimson, bright red, cadmium yellow, dark sienna, liquid clear, midnight black, phthalo blue, prussian blue, titanium white, van dyke brown, yellow ochre]","[#4e1500, #db0000, #ffec00, #5f2e1f, #ffffff, #000000, #0c0040, #021e44, #ffffff, #221b15, #c79b00]",0,1,0,1,1,0,0,0,1,1,1,0,1,0,1,1,1,1
107,179,https://www.twoinchbrush.com/images/painting179.png,red sunset,9,3,11,https://www.youtube.com/embed/e5jhyi g-l0,"[alizarin crimson, black gesso, bright red, cadmium yellow, dark sienna, indian yellow, midnight black, phthalo blue, titanium white, van dyke brown, yellow ochre]","[#4e1500, #000000, #db0000, #ffec00, #5f2e1f, #ffb800, #000000, #0c0040, #ffffff, #221b15, #c79b00]",1,1,0,1,1,0,1,0,0,1,1,0,0,0,1,1,1,1
109,181,https://www.twoinchbrush.com/images/painting181.png,winter oval,9,5,7,https://www.youtube.com/embed/pywilm -sxw,"[alizarin crimson, bright red, dark sienna, midnight black, phthalo blue, titanium white, van dyke brown]","[#4e1500, #db0000, #5f2e1f, #000000, #0c0040, #ffffff, #221b15]",0,1,0,0,1,0,0,0,0,1,1,0,0,0,1,1,0,1
110,182,https://www.twoinchbrush.com/images/painting182.png,secluded beach,9,6,11,https://www.youtube.com/embed/wgucw kfvzu,"[alizarin crimson, black gesso, bright red, cadmium yellow, dark sienna, midnight black, phthalo blue, prussian blue, titanium white, van dyke brown, yellow ochre]","[#4e1500, #000000, #db0000, #ffec00, #5f2e1f, #000000, #0c0040, #021e44, #ffffff, #221b15, #c79b00]",1,1,0,1,1,0,0,0,0,1,1,0,1,0,1,1,1,1
116,188,https://www.twoinchbrush.com/images/painting188.png,mountain by the sea,9,12,13,https://www.youtube.com/embed/so--opb-yuq,"[alizarin crimson, bright red, cadmium yellow, dark sienna, liquid clear, midnight black, phthalo blue, phthalo green, prussian blue, sap green, titanium white, van dyke brown, yellow ochre]","[#4e1500, #db0000, #ffec00, #5f2e1f, #ffffff, #000000, #0c0040, #102e3c, #021e44, #0a3410, #ffffff, #221b15, #c79b00]",0,1,0,1,1,0,0,0,1,1,1,1,1,1,1,1,1,1
117,189,https://www.twoinchbrush.com/images/painting189.png,mountain hideaway,9,13,12,https://www.youtube.com/embed/q48ewprbzvs,"[alizarin crimson, black gesso, bright red, cadmium yellow, dark sienna, indian yellow, midnight black, phthalo blue, sap green, titanium white, van dyke brown, yellow ochre]","[#4e1500, #000000, #db0000, #ffec00, #5f2e1f, #ffb800, #000000, #0c0040, #0a3410, #ffffff, #221b15, #c79b00]",1,1,0,1,1,0,1,0,0,1,1,0,0,1,1,1,1,1
119,164,https://www.twoinchbrush.com/images/painting164.png,cabin at sunset,10,2,12,https://www.youtube.com/embed/a6wil3oxnui,"[alizarin crimson, bright red, cadmium yellow, dark sienna, indian yellow, midnight black, phthalo blue, prussian blue, sap green, titanium white, van dyke brown, yellow ochre]","[#4e1500, #db0000, #ffec00, #5f2e1f, #ffb800, #000000, #0c0040, #021e44, #0a3410, #ffffff, #221b15, #c79b00]",0,1,0,1,1,0,1,0,0,1,1,0,1,1,1,1,1,1
122,167,https://www.twoinchbrush.com/images/painting167.png,ocean breeze,10,5,12,https://www.youtube.com/embed/xzmdzfvxruw,"[alizarin crimson, black gesso, bright red, cadmium yellow, dark sienna, midnight black, phthalo blue, phthalo green, prussian blue, titanium white, van dyke brown, yellow ochre]","[#4e1500, #000000, #db0000, #ffec00, #5f2e1f, #000000, #0c0040, #102e3c, #021e44, #ffffff, #221b15, #c79b00]",1,1,0,1,1,0,0,0,0,1,1,1,1,0,1,1,1,1
127,173,https://www.twoinchbrush.com/images/painting173.png,ocean sunset,10,10,12,https://www.youtube.com/embed/oj xqtvzf3o,"[alizarin crimson, bright red, cadmium yellow, dark sienna, indian yellow, liquid clear, midnight black, phthalo blue, prussian blue, titanium white, van dyke brown, yellow ochre]","[#4e1500, #db0000, #ffec00, #5f2e1f, #ffb800, #ffffff, #000000, #0c0040, #021e44, #ffffff, #221b15, #c79b00]",0,1,0,1,1,0,1,0,1,1,1,0,1,0,1,1,1,1
129,175,https://www.twoinchbrush.com/images/painting175.png,winter frost,10,12,9,https://www.youtube.com/embed/8satx-hlkui,"[alizarin crimson, bright red, cadmium yellow, dark sienna, midnight black, phthalo blue, prussian blue, titanium white, van dyke brown]","[#4e1500, #db0000, #ffec00, #5f2e1f, #000000, #0c0040, #021e44, #ffffff, #221b15]",0,1,0,1,1,0,0,0,0,1,1,0,1,0,1,1,0,1
132,151,https://www.twoinchbrush.com/images/painting151.png,country cabin,11,2,7,https://www.youtube.com/embed/dkww2nhpuzw,"[alizarin crimson, bright red, dark sienna, midnight black, prussian blue, titanium white, van dyke brown]","[#4e1500, #db0000, #5f2e1f, #000000, #021e44, #ffffff, #221b15]",0,1,0,0,1,0,0,0,0,1,0,0,1,0,1,1,0,1
133,152,https://www.twoinchbrush.com/images/painting152.png,daisy delight,11,3,10,https://www.youtube.com/embed/huhc1rqtvda,"[alizarin crimson, cadmium yellow, dark sienna, liquid clear, midnight black, phthalo blue, sap green, titanium white, van dyke brown, yellow ochre]","[#4e1500, #ffec00, #5f2e1f, #ffffff, #000000, #0c0040, #0a3410, #ffffff, #221b15, #c79b00]",0,0,0,1,1,0,0,0,1,1,1,0,0,1,1,1,1,1
135,154,https://www.twoinchbrush.com/images/painting154.png,towering glacier,11,5,12,https://www.youtube.com/embed/67vdgba3xkg,"[alizarin crimson, black gesso, bright red, cadmium yellow, dark sienna, indian yellow, midnight black, prussian blue, sap green, titanium white, van dyke brown, yellow ochre]","[#4e1500, #000000, #db0000, #ffec00, #5f2e1f, #ffb800, #000000, #021e44, #0a3410, #ffffff, #221b15, #c79b00]",1,1,0,1,1,0,1,0,0,1,0,0,1,1,1,1,1,1
136,155,https://www.twoinchbrush.com/images/painting155.png,oval barn,11,6,6,https://www.youtube.com/embed/hqbhcibidnm,"[bright red, dark sienna, midnight black, prussian blue, titanium white, van dyke brown]","[#db0000, #5f2e1f, #000000, #021e44, #ffffff, #221b15]",0,1,0,0,1,0,0,0,0,1,0,0,1,0,1,1,0,0
139,158,https://www.twoinchbrush.com/images/painting158.png,winter barn,11,9,6,https://www.youtube.com/embed/ xkn0cedreo,"[alizarin crimson, dark sienna, midnight black, phthalo blue, titanium white, van dyke brown]","[#4e1500, #5f2e1f, #000000, #0c0040, #ffffff, #221b15]",0,0,0,0,1,0,0,0,0,1,1,0,0,0,1,1,0,1
140,159,https://www.twoinchbrush.com/images/painting159.png,sunset over the waves,11,10,10,https://www.youtube.com/embed/c4b b2f1ezg,"[alizarin crimson, black gesso, bright red, cadmium yellow, dark sienna, indian yellow, midnight black, phthalo blue, titanium white, van dyke brown]","[#4e1500, #000000, #db0000, #ffec00, #5f2e1f, #ffb800, #000000, #0c0040, #ffffff, #221b15]",1,1,0,1,1,0,1,0,0,1,1,0,0,0,1,1,0,1
141,160,https://www.twoinchbrush.com/images/painting160.png,golden glow,11,11,8,https://www.youtube.com/embed/aa8rhtawaca,"[cadmium yellow, dark sienna, indian yellow, liquid clear, prussian blue, titanium white, van dyke brown, yellow ochre]","[#ffec00, #5f2e1f, #ffb800, #ffffff, #021e44, #ffffff, #221b15, #c79b00]",0,0,0,1,1,0,1,0,1,0,0,0,1,0,1,1,1,0
144,137,https://www.twoinchbrush.com/images/painting137.png,golden knoll,12,1,7,https://www.youtube.com/embed/-o0bs65en5w,"[cadmium yellow, dark sienna, indian yellow, midnight black, titanium white, van dyke brown, yellow ochre]","[#ffec00, #5f2e1f, #ffb800, #000000, #ffffff, #221b15, #c79b00]",0,0,0,1,1,0,1,0,0,1,0,0,0,0,1,1,1,0
147,140,https://www.twoinchbrush.com/images/painting140.png,bright autumn trees,12,4,13,https://www.youtube.com/embed/ar-c3h5zurm,"[alizarin crimson, bright red, cadmium yellow, dark sienna, indian yellow, liquid black, midnight black, phthalo green, prussian blue, sap green, titanium white, van dyke brown, yellow ochre]","[#4e1500, #db0000, #ffec00, #5f2e1f, #ffb800, #000000, #000000, #102e3c, #021e44, #0a3410, #ffffff, #221b15, #c79b00]",0,1,0,1,1,0,1,1,0,1,0,1,1,1,1,1,1,1
148,141,https://www.twoinchbrush.com/images/painting141.png,black seascape,12,5,9,https://www.youtube.com/embed/p acan4cbwc,"[black gesso, bright red, cadmium yellow, dark sienna, midnight black, phthalo blue, phthalo green, titanium white, van dyke brown]","[#000000, #db0000, #ffec00, #5f2e1f, #000000, #0c0040, #102e3c, #ffffff, #221b15]",1,1,0,1,1,0,0,0,0,1,1,1,0,0,1,1,0,0
151,144,https://www.twoinchbrush.com/images/painting144.png,evening waterfall,12,8,11,https://www.youtube.com/embed/putvf p4588,"[black gesso, bright red, cadmium yellow, dark sienna, indian yellow, midnight black, phthalo blue, sap green, titanium white, van dyke brown, yellow ochre]","[#000000, #db0000, #ffec00, #5f2e1f, #ffb800, #000000, #0c0040, #0a3410, #ffffff, #221b15, #c79b00]",1,1,0,1,1,0,1,0,0,1,1,0,0,1,1,1,1,0
153,146,https://www.twoinchbrush.com/images/painting146.png,mountain at sunset,12,10,13,https://www.youtube.com/embed/hcscatvigtw,"[alizarin crimson, bright red, cadmium yellow, dark sienna, indian yellow, liquid clear, midnight black, phthalo blue, prussian blue, sap green, titanium white, van dyke brown, yellow ochre]","[#4e1500, #db0000, #ffec00, #5f2e1f, #ffb800, #ffffff, #000000, #0c0040, #021e44, #0a3410, #ffffff, #221b15, #c79b00]",0,1,0,1,1,0,1,0,1,1,1,0,1,1,1,1,1,1
156,149,https://www.twoinchbrush.com/images/painting149.png,winter mountain,12,13,7,https://www.youtube.com/embed/46vi20697hi,"[alizarin crimson, bright red, midnight black, phthalo blue, prussian blue, titanium white, van dyke brown]","[#4e1500, #db0000, #000000, #0c0040, #021e44, #ffffff, #221b15]",0,1,0,0,0,0,0,0,0,1,1,0,1,0,1,1,0,1
158,125,https://www.twoinchbrush.com/images/painting125.png,frozen solitude,13,2,5,https://www.youtube.com/embed/knzssd9zwlw,"[dark sienna, midnight black, prussian blue, titanium white, van dyke brown]","[#5f2e1f, #000000, #021e44, #ffffff, #221b15]",0,0,0,0,1,0,0,0,0,1,0,0,1,0,1,1,0,0
162,129,https://www.twoinchbrush.com/images/painting129.png,hidden creek,13,6,10,https://www.youtube.com/embed/kmorz01bm0y,"[black gesso, cadmium yellow, dark sienna, indian yellow, midnight black, phthalo blue, sap green, titanium white, van dyke brown, yellow ochre]","[#000000, #ffec00, #5f2e1f, #ffb800, #000000, #0c0040, #0a3410, #ffffff, #221b15, #c79b00]",1,0,0,1,1,0,1,0,0,1,1,0,0,1,1,1,1,0
164,131,https://www.twoinchbrush.com/images/painting131.png,mountain exhibition,13,8,10,https://www.youtube.com/embed/bgi3 1quj18,"[alizarin crimson, cadmium yellow, dark sienna, indian yellow, midnight black, phthalo blue, sap green, titanium white, van dyke brown, yellow ochre]","[#4e1500, #ffec00, #5f2e1f, #ffb800, #000000, #0c0040, #0a3410, #ffffff, #221b15, #c79b00]",0,0,0,1,1,0,1,0,0,1,1,0,0,1,1,1,1,1
165,132,https://www.twoinchbrush.com/images/painting132.png,emerald waters,13,9,9,https://www.youtube.com/embed/llunpqbzw6g,"[black gesso, cadmium yellow, dark sienna, midnight black, prussian blue, sap green, titanium white, van dyke brown, yellow ochre]","[#000000, #ffec00, #5f2e1f, #000000, #021e44, #0a3410, #ffffff, #221b15, #c79b00]",1,0,0,1,1,0,0,0,0,1,0,0,1,1,1,1,1,0
167,134,https://www.twoinchbrush.com/images/painting134.png,cabin hideaway,13,11,10,https://www.youtube.com/embed/njtlw2nl1lo,"[alizarin crimson, bright red, cadmium yellow, dark sienna, midnight black, phthalo blue, prussian blue, titanium white, van dyke brown, yellow ochre]","[#4e1500, #db0000, #ffec00, #5f2e1f, #000000, #0c0040, #021e44, #ffffff, #221b15, #c79b00]",0,1,0,1,1,0,0,0,0,1,1,0,1,0,1,1,1,1
168,135,https://www.twoinchbrush.com/images/painting135.png,oval essence,13,12,8,https://www.youtube.com/embed/q7wxf bsexw,"[alizarin crimson, cadmium yellow, dark sienna, midnight black, phthalo blue, phthalo green, titanium white, van dyke brown]","[#4e1500, #ffec00, #5f2e1f, #000000, #0c0040, #102e3c, #ffffff, #221b15]",0,0,0,1,1,0,0,0,0,1,1,1,0,0,1,1,0,1
172,113,https://www.twoinchbrush.com/images/painting113.png,mountain moonlight oval,14,3,12,https://www.youtube.com/embed/cigxqtt6bpm,"[alizarin crimson, black gesso, cadmium yellow, dark sienna, indian yellow, midnight black, phthalo blue, prussian blue, sap green, titanium white, van dyke brown, yellow ochre]","[#4e1500, #000000, #ffec00, #5f2e1f, #ffb800, #000000, #0c0040, #021e44, #0a3410, #ffffff, #221b15, #c79b00]",1,0,0,1,1,0,1,0,0,1,1,0,1,1,1,1,1,1
173,114,https://www.twoinchbrush.com/images/painting114.png,snowy solitude,14,4,7,https://www.youtube.com/embed/1zriqghsftm,"[alizarin crimson, dark sienna, midnight black, phthalo blue, titanium white, van dyke brown, yellow ochre]","[#4e1500, #5f2e1f, #000000, #0c0040, #ffffff, #221b15, #c79b00]",0,0,0,0,1,0,0,0,0,1,1,0,0,0,1,1,1,1
176,117,https://www.twoinchbrush.com/images/painting117.png,windy waves,14,7,14,https://www.youtube.com/embed/y6gvvjg4hmg,"[alizarin crimson, bright red, cadmium yellow, dark sienna, indian yellow, liquid black, midnight black, phthalo blue, phthalo green, prussian blue, sap green, titanium white, van dyke brown, yellow ochre]","[#4e1500, #db0000, #ffec00, #5f2e1f, #ffb800, #000000, #000000, #0c0040, #102e3c, #021e44, #0a3410, #ffffff, #221b15, #c79b00]",0,1,0,1,1,0,1,1,0,1,1,1,1,1,1,1,1,1
177,118,https://www.twoinchbrush.com/images/painting118.png,on a clear day,14,8,11,https://www.youtube.com/embed/e63cgln6yag,"[alizarin crimson, bright red, cadmium yellow, dark sienna, indian yellow, midnight black, phthalo blue, prussian blue, titanium white, van dyke brown, yellow ochre]","[#4e1500, #db0000, #ffec00, #5f2e1f, #ffb800, #000000, #0c0040, #021e44, #ffffff, #221b15, #c79b00]",0,1,0,1,1,0,1,0,0,1,1,0,1,0,1,1,1,1
180,121,https://www.twoinchbrush.com/images/painting121.png,shadow pond,14,11,13,https://www.youtube.com/embed/bqwj3kqonpa,"[alizarin crimson, black gesso, bright red, cadmium yellow, dark sienna, indian yellow, midnight black, phthalo blue, prussian blue, sap green, titanium white, van dyke brown, yellow ochre]","[#4e1500, #000000, #db0000, #ffec00, #5f2e1f, #ffb800, #000000, #0c0040, #021e44, #0a3410, #ffffff, #221b15, #c79b00]",1,1,0,1,1,0,1,0,0,1,1,0,1,1,1,1,1,1
182,123,https://www.twoinchbrush.com/images/painting123.png,natural wonder,14,13,11,https://www.youtube.com/embed/knoutsaikfu,"[alizarin crimson, cadmium yellow, dark sienna, indian yellow, midnight black, phthalo blue, prussian blue, sap green, titanium white, van dyke brown, yellow ochre]","[#4e1500, #ffec00, #5f2e1f, #ffb800, #000000, #0c0040, #021e44, #0a3410, #ffffff, #221b15, #c79b00]",0,0,0,1,1,0,1,0,0,1,1,0,1,1,1,1,1,1
187,102,https://www.twoinchbrush.com/images/painting102.png,hidden winter moon oval,15,5,8,https://www.youtube.com/embed/yxamodl6rje,"[alizarin crimson, black gesso, dark sienna, midnight black, phthalo blue, prussian blue, titanium white, van dyke brown]","[#4e1500, #000000, #5f2e1f, #000000, #0c0040, #021e44, #ffffff, #221b15]",1,0,0,0,1,0,0,0,0,1,1,0,1,0,1,1,0,1
188,103,https://www.twoinchbrush.com/images/painting103.png,waves of wonder,15,6,12,https://www.youtube.com/embed/tayqx ng-nc,"[alizarin crimson, bright red, cadmium yellow, dark sienna, liquid clear, midnight black, phthalo blue, phthalo green, prussian blue, titanium white, van dyke brown, yellow ochre]","[#4e1500, #db0000, #ffec00, #5f2e1f, #ffffff, #000000, #0c0040, #102e3c, #021e44, #ffffff, #221b15, #c79b00]",0,1,0,1,1,0,0,0,1,1,1,1,1,0,1,1,1,1
191,106,https://www.twoinchbrush.com/images/painting106.png,christmas eve snow,15,9,9,https://www.youtube.com/embed/cvqfg2pxk2a,"[alizarin crimson, black gesso, cadmium yellow, dark sienna, midnight black, phthalo blue, prussian blue, titanium white, van dyke brown]","[#4e1500, #000000, #ffec00, #5f2e1f, #000000, #0c0040, #021e44, #ffffff, #221b15]",1,0,0,1,1,0,0,0,0,1,1,0,1,0,1,1,0,1
201,89,https://www.twoinchbrush.com/images/painting89.png,contemplative lady,16,6,1,https://www.youtube.com/embed/gnp6we7ql-s,[van dyke brown],[#221b15],0,0,0,0,0,0,0,0,0,0,0,0,0,0,0,1,0,0
202,90,https://www.twoinchbrush.com/images/painting90.png,deep woods,16,7,10,https://www.youtube.com/embed/re5zvs yjfe,"[alizarin crimson, bright red, cadmium yellow, dark sienna, midnight black, phthalo blue, sap green, titanium white, van dyke brown, yellow ochre]","[#4e1500, #db0000, #ffec00, #5f2e1f, #000000, #0c0040, #0a3410, #ffffff, #221b15, #c79b00]",0,1,0,1,1,0,0,0,0,1,1,0,0,1,1,1,1,1
205,94,https://www.twoinchbrush.com/images/painting94.png,that time of year,16,10,9,https://www.youtube.com/embed/q5moloqokp0,"[alizarin crimson, bright red, cadmium yellow, indian yellow, midnight black, phthalo blue, sap green, titanium white, van dyke brown]","[#4e1500, #db0000, #ffec00, #ffb800, #000000, #0c0040, #0a3410, #ffffff, #221b15]",0,1,0,1,0,0,1,0,0,1,1,0,0,1,1,1,0,1
206,95,https://www.twoinchbrush.com/images/painting95.png,waterfall wonder,16,11,11,https://www.youtube.com/embed/aghxepfp-w4,"[alizarin crimson, black gesso, cadmium yellow, dark sienna, indian yellow, midnight black, phthalo blue, sap green, titanium white, van dyke brown, yellow ochre]","[#4e1500, #000000, #ffec00, #5f2e1f, #ffb800, #000000, #0c0040, #0a3410, #ffffff, #221b15, #c79b00]",1,0,0,1,1,0,1,0,0,1,1,0,0,1,1,1,1,1
209,71,https://www.twoinchbrush.com/images/painting71.png,golden mist oval,17,1,9,https://www.youtube.com/embed/lhpfaw0k6um,"[alizarin crimson, bright red, cadmium yellow, dark sienna, midnight black, phthalo blue, titanium white, van dyke brown, yellow ochre]","[#4e1500, #db0000, #ffec00, #5f2e1f, #000000, #0c0040, #ffffff, #221b15, #c79b00]",0,1,0,1,1,0,0,0,0,1,1,0,0,0,1,1,1,1
215,77,https://www.twoinchbrush.com/images/painting77.png,spectacular waterfall,17,7,15,https://www.youtube.com/embed/nk-hebxl2uw,"[alizarin crimson, black gesso, bright red, cadmium yellow, dark sienna, indian yellow, liquid clear, midnight black, phthalo blue, phthalo green, prussian blue, sap green, titanium white, van dyke brown, yellow ochre]","[#4e1500, #000000, #db0000, #ffec00, #5f2e1f, #ffb800, #ffffff, #000000, #0c0040, #102e3c, #021e44, #0a3410, #ffffff, #221b15, #c79b00]",1,1,0,1,1,0,1,0,1,1,1,1,1,1,1,1,1,1
219,81,https://www.twoinchbrush.com/images/painting81.png,morning walk,17,11,12,https://www.youtube.com/embed/psvgnkqdr2y,"[alizarin crimson, black gesso, bright red, cadmium yellow, dark sienna, midnight black, phthalo blue, prussian blue, sap green, titanium white, van dyke brown, yellow ochre]","[#4e1500, #000000, #db0000, #ffec00, #5f2e1f, #000000, #0c0040, #021e44, #0a3410, #ffffff, #221b15, #c79b00]",1,1,0,1,1,0,0,0,0,1,1,0,1,1,1,1,1,1
224,60,https://www.twoinchbrush.com/images/painting60.png,mountain seclusion,18,3,10,https://www.youtube.com/embed/ebzkuvbry54,"[alizarin crimson, black gesso, cadmium yellow, dark sienna, liquid clear, midnight black, phthalo blue, prussian blue, titanium white, van dyke brown]","[#4e1500, #000000, #ffec00, #5f2e1f, #ffffff, #000000, #0c0040, #021e44, #ffffff, #221b15]",1,0,0,1,1,0,0,0,1,1,1,0,1,0,1,1,0,1
229,65,https://www.twoinchbrush.com/images/painting65.png,winter lace,18,8,8,https://www.youtube.com/embed/wjf qoqrpck,"[alizarin crimson, bright red, dark sienna, midnight black, phthalo blue, prussian blue, titanium white, van dyke brown]","[#4e1500, #db0000, #5f2e1f, #000000, #0c0040, #021e44, #ffffff, #221b15]",0,1,0,0,1,0,0,0,0,1,1,0,1,0,1,1,0,1
231,67,https://www.twoinchbrush.com/images/painting67.png,double oval stream,18,10,13,https://www.youtube.com/embed/rrjnhdr9dmu,"[alizarin crimson, bright red, cadmium yellow, dark sienna, indian yellow, liquid black, midnight black, phthalo blue, prussian blue, sap green, titanium white, van dyke brown, yellow ochre]","[#4e1500, #db0000, #ffec00, #5f2e1f, #ffb800, #000000, #000000, #0c0040, #021e44, #0a3410, #ffffff, #221b15, #c79b00]",0,1,0,1,1,0,1,1,0,1,1,0,1,1,1,1,1,1
234,70,https://www.twoinchbrush.com/images/painting70.png,rippling waters,18,13,12,https://www.youtube.com/embed/xvnjbynsit0,"[alizarin crimson, bright red, cadmium yellow, dark sienna, indian yellow, liquid black, midnight black, phthalo blue, sap green, titanium white, van dyke brown, yellow ochre]","[#4e1500, #db0000, #ffec00, #5f2e1f, #ffb800, #000000, #000000, #0c0040, #0a3410, #ffffff, #221b15, #c79b00]",0,1,0,1,1,0,1,1,0,1,1,0,0,1,1,1,1,1
236,45,https://www.twoinchbrush.com/images/painting45.png,quiet mountain lake,19,2,14,https://www.youtube.com/embed/2gq2v6dct2i,"[alizarin crimson, black gesso, bright red, cadmium yellow, dark sienna, indian yellow, liquid clear, midnight black, phthalo blue, prussian blue, sap green, titanium white, van dyke brown, yellow ochre]","[#4e1500, #000000, #db0000, #ffec00, #5f2e1f, #ffb800, #ffffff, #000000, #0c0040, #021e44, #0a3410, #ffffff, #221b15, #c79b00]",1,1,0,1,1,0,1,0,1,1,1,0,1,1,1,1,1,1
238,47,https://www.twoinchbrush.com/images/painting47.png,snowy morn,19,4,7,https://www.youtube.com/embed/ib1tdwlo0kk,"[alizarin crimson, dark sienna, midnight black, prussian blue, titanium white, van dyke brown, yellow ochre]","[#4e1500, #5f2e1f, #000000, #021e44, #ffffff, #221b15, #c79b00]",0,0,0,0,1,0,0,0,0,1,0,0,1,0,1,1,1,1
243,52,https://www.twoinchbrush.com/images/painting52.png,ebb tide,19,9,10,https://www.youtube.com/embed/mfona ln7ys,"[alizarin crimson, bright red, cadmium yellow, dark sienna, liquid clear, midnight black, phthalo blue, titanium white, van dyke brown, yellow ochre]","[#4e1500, #db0000, #ffec00, #5f2e1f, #ffffff, #000000, #0c0040, #ffffff, #221b15, #c79b00]",0,1,0,1,1,0,0,0,1,1,1,0,0,0,1,1,1,1
249,32,https://www.twoinchbrush.com/images/painting32.png,new day's dawn,20,2,12,https://www.youtube.com/embed/vbpdq0w8ylg,"[alizarin crimson, bright red, cadmium yellow, dark sienna, indian yellow, liquid clear, midnight black, phthalo blue, sap green, titanium white, van dyke brown, yellow ochre]","[#4e1500, #db0000, #ffec00, #5f2e1f, #ffb800, #ffffff, #000000, #0c0040, #0a3410, #ffffff, #221b15, #c79b00]",0,1,0,1,1,0,1,0,1,1,1,0,0,1,1,1,1,1
250,33,https://www.twoinchbrush.com/images/painting33.png,winter in pastel,20,3,9,https://www.youtube.com/embed/kbnxzrnmoum,"[alizarin crimson, bright red, dark sienna, indian yellow, midnight black, phthalo blue, titanium white, van dyke brown, yellow ochre]","[#4e1500, #db0000, #5f2e1f, #ffb800, #000000, #0c0040, #ffffff, #221b15, #c79b00]",0,1,0,0,1,0,1,0,0,1,1,0,0,0,1,1,1,1
252,35,https://www.twoinchbrush.com/images/painting35.png,divine elegance,20,5,12,https://www.youtube.com/embed/mb-gwx1s5gs,"[alizarin crimson, cadmium yellow, dark sienna, indian yellow, midnight black, phthalo blue, phthalo green, prussian blue, sap green, titanium white, van dyke brown, yellow ochre]","[#4e1500, #ffec00, #5f2e1f, #ffb800, #000000, #0c0040, #102e3c, #021e44, #0a3410, #ffffff, #221b15, #c79b00]",0,0,0,1,1,0,1,0,0,1,1,1,1,1,1,1,1,1
255,38,https://www.twoinchbrush.com/images/painting38.png,the old oak tree,20,8,13,https://www.youtube.com/embed/dn4hjan8p5u,"[alizarin crimson, black gesso, bright red, cadmium yellow, dark sienna, indian yellow, liquid clear, midnight black, phthalo blue, sap green, titanium white, van dyke brown, yellow ochre]","[#4e1500, #000000, #db0000, #ffec00, #5f2e1f, #ffb800, #ffffff, #000000, #0c0040, #0a3410, #ffffff, #221b15, #c79b00]",1,1,0,1,1,0,1,0,1,1,1,0,0,1,1,1,1,1
256,39,https://www.twoinchbrush.com/images/painting39.png,winter paradise,20,9,6,https://www.youtube.com/embed/dy1abv8z1sq,"[alizarin crimson, dark sienna, midnight black, phthalo blue, prussian blue, titanium white]","[#4e1500, #5f2e1f, #000000, #0c0040, #021e44, #ffffff]",0,0,0,0,1,0,0,0,0,1,1,0,1,0,1,0,0,1
262,18,https://www.twoinchbrush.com/images/painting18.png,tranquil dawn,21,2,10,https://www.youtube.com/embed/4abdq6q-mlm,"[alizarin crimson, cadmium yellow, dark sienna, indian yellow, liquid clear, midnight black, phthalo blue, titanium white, van dyke brown, yellow ochre]","[#4e1500, #ffec00, #5f2e1f, #ffb800, #ffffff, #000000, #0c0040, #ffffff, #221b15, #c79b00]",0,0,0,1,1,0,1,0,1,1,1,0,0,0,1,1,1,1
266,22,https://www.twoinchbrush.com/images/painting22.png,mountain rhapsody,21,6,8,https://www.youtube.com/embed/h4vsmku5t7g,"[alizarin crimson, dark sienna, indian yellow, midnight black, phthalo blue, titanium white, van dyke brown, yellow ochre]","[#4e1500, #5f2e1f, #ffb800, #000000, #0c0040, #ffffff, #221b15, #c79b00]",0,0,0,0,1,0,1,0,0,1,1,0,0,0,1,1,1,1
267,23,https://www.twoinchbrush.com/images/painting23.png,wilderness cabin,21,7,14,https://www.youtube.com/embed/gwehiacnd1e,"[alizarin crimson, bright red, cadmium yellow, dark sienna, indian yellow, liquid clear, midnight black, phthalo blue, phthalo green, prussian blue, sap green, titanium white, van dyke brown, yellow ochre]","[#4e1500, #db0000, #ffec00, #5f2e1f, #ffb800, #ffffff, #000000, #0c0040, #102e3c, #021e44, #0a3410, #ffffff, #221b15, #c79b00]",0,1,0,1,1,0,1,0,1,1,1,1,1,1,1,1,1,1
268,24,https://www.twoinchbrush.com/images/painting24.png,by the sea,21,8,13,https://www.youtube.com/embed/8thhbtk6wwc,"[alizarin crimson, black gesso, bright red, cadmium yellow, dark sienna, indian yellow, midnight black, phthalo blue, phthalo green, sap green, titanium white, van dyke brown, yellow ochre]","[#4e1500, #000000, #db0000, #ffec00, #5f2e1f, #ffb800, #000000, #0c0040, #102e3c, #0a3410, #ffffff, #221b15, #c79b00]",1,1,0,1,1,0,1,0,0,1,1,1,0,1,1,1,1,1
270,27,https://www.twoinchbrush.com/images/painting27.png,blue winter,21,10,3,https://www.youtube.com/embed/lir0gs0szy0,"[midnight black, prussian blue, titanium white]","[#000000, #021e44, #ffffff]",0,0,0,0,0,0,0,0,0,1,0,0,1,0,1,0,0,0
271,28,https://www.twoinchbrush.com/images/painting28.png,desert glow,21,11,9,https://www.youtube.com/embed/qyncjfl hmu,"[alizarin crimson, bright red, cadmium yellow, indian yellow, midnight black, phthalo blue, sap green, titanium white, yellow ochre]","[#4e1500, #db0000, #ffec00, #ffb800, #000000, #0c0040, #0a3410, #ffffff, #c79b00]",0,1,0,1,0,0,1,0,0,1,1,0,0,1,1,0,1,1
273,30,https://www.twoinchbrush.com/images/painting30.png,florida's glory,21,13,11,https://www.youtube.com/embed/hqc5spn9xhc,"[alizarin crimson, cadmium yellow, dark sienna, liquid clear, midnight black, phthalo blue, prussian blue, sap green, titanium white, van dyke brown, yellow ochre]","[#4e1500, #ffec00, #5f2e1f, #ffffff, #000000, #0c0040, #021e44, #0a3410, #ffffff, #221b15, #c79b00]",0,0,0,1,1,0,0,0,1,1,1,0,1,1,1,1,1,1
274,14,https://www.twoinchbrush.com/images/painting14.png,autumn images,22,1,11,https://www.youtube.com/embed/hmx34am6rfg,"[alizarin crimson, bright red, cadmium yellow, dark sienna, indian red, midnight black, prussian blue, sap green, titanium white, van dyke brown, yellow ochre]","[#4e1500, #db0000, #ffec00, #5f2e1f, #cd5c5c, #000000, #021e44, #0a3410, #ffffff, #221b15, #c79b00]",0,1,0,1,1,1,0,0,0,1,0,0,1,1,1,1,1,1
276,16,https://www.twoinchbrush.com/images/painting16.png,around the bend,22,3,14,https://www.youtube.com/embed/kl5x3icovvw,"[alizarin crimson, black gesso, bright red, cadmium yellow, dark sienna, indian yellow, midnight black, phthalo blue, phthalo green, prussian blue, sap green, titanium white, van dyke brown, yellow ochre]","[#4e1500, #000000, #db0000, #ffec00, #5f2e1f, #ffb800, #000000, #0c0040, #102e3c, #021e44, #0a3410, #ffffff, #221b15, #c79b00]",1,1,0,1,1,0,1,0,0,1,1,1,1,1,1,1,1,1
278,5,https://www.twoinchbrush.com/images/painting5.png,russet winter,22,5,9,https://www.youtube.com/embed/ae4nid1p-t0,"[alizarin crimson, cadmium yellow, dark sienna, indian yellow, midnight black, phthalo blue, titanium white, van dyke brown, yellow ochre]","[#4e1500, #ffec00, #5f2e1f, #ffb800, #000000, #0c0040, #ffffff, #221b15, #c79b00]",0,0,0,1,1,0,1,0,0,1,1,0,0,0,1,1,1,1
283,10,https://www.twoinchbrush.com/images/painting10.png,wintertime blues,22,10,7,https://www.youtube.com/embed/dbmjvm4il2q,"[alizarin crimson, dark sienna, midnight black, phthalo blue, prussian blue, titanium white, van dyke brown]","[#4e1500, #5f2e1f, #000000, #0c0040, #021e44, #ffffff, #221b15]",0,0,0,0,1,0,0,0,0,1,1,0,1,0,1,1,0,1
287,295,https://www.twoinchbrush.com/images/painting295.png,frosty winter morn,23,1,8,https://www.youtube.com/embed/1-9 enmbquw,"[alizarin crimson, cadmium yellow, midnight black, phthalo blue, prussian blue, sap green, titanium white, van dyke brown]","[#4e1500, #ffec00, #000000, #0c0040, #021e44, #0a3410, #ffffff, #221b15]",0,0,0,1,0,0,0,0,0,1,1,0,1,1,1,1,0,1
290,298,https://www.twoinchbrush.com/images/painting298.png,reflections of gold,23,4,10,https://www.youtube.com/embed/8f9ccnqj 1y,"[alizarin crimson, bright red, cadmium yellow, dark sienna, indian yellow, midnight black, prussian blue, titanium white, van dyke brown, yellow ochre]","[#4e1500, #db0000, #ffec00, #5f2e1f, #ffb800, #000000, #021e44, #ffffff, #221b15, #c79b00]",0,1,0,1,1,0,1,0,0,1,0,0,1,0,1,1,1,1
293,301,https://www.twoinchbrush.com/images/painting301.png,at dawn's light,23,7,9,https://www.youtube.com/embed/hfdtxqeznik,"[alizarin crimson, bright red, cadmium yellow, dark sienna, midnight black, prussian blue, titanium white, van dyke brown, yellow ochre]","[#4e1500, #db0000, #ffec00, #5f2e1f, #000000, #021e44, #ffffff, #221b15, #c79b00]",0,1,0,1,1,0,0,0,0,1,0,0,1,0,1,1,1,1
297,305,https://www.twoinchbrush.com/images/painting305.png,frozen beauty in vignette,23,11,9,https://www.youtube.com/embed/h15kv1wbdg4,"[bright red, dark sienna, midnight black, phthalo blue, phthalo green, prussian blue, titanium white, van dyke brown, yellow ochre]","[#db0000, #5f2e1f, #000000, #0c0040, #102e3c, #021e44, #ffffff, #221b15, #c79b00]",0,1,0,0,1,0,0,0,0,1,1,1,1,0,1,1,1,0
298,306,https://www.twoinchbrush.com/images/painting306.png,crimson tide,23,12,8,https://www.youtube.com/embed/y7sdu4i6fco,"[alizarin crimson, cadmium yellow, dark sienna, midnight black, phthalo blue, titanium white, van dyke brown, yellow ochre]","[#4e1500, #ffec00, #5f2e1f, #000000, #0c0040, #ffffff, #221b15, #c79b00]",0,0,0,1,1,0,0,0,0,1,1,0,0,0,1,1,1,1
301,309,https://www.twoinchbrush.com/images/painting309.png,wayside pond,24,2,11,https://www.youtube.com/embed/fpw2fwk4ioo,"[alizarin crimson, black gesso, bright red, dark sienna, midnight black, phthalo blue, prussian blue, sap green, titanium white, van dyke brown, yellow ochre]","[#4e1500, #000000, #db0000, #5f2e1f, #000000, #0c0040, #021e44, #0a3410, #ffffff, #221b15, #c79b00]",1,1,0,0,1,0,0,0,0,1,1,0,1,1,1,1,1,1
302,310,https://www.twoinchbrush.com/images/painting310.png,teton winter,24,3,6,https://www.youtube.com/embed/i4h6tc4cpjy,"[alizarin crimson, midnight black, phthalo blue, prussian blue, sap green, titanium white]","[#4e1500, #000000, #0c0040, #021e44, #0a3410, #ffffff]",0,0,0,0,0,0,0,0,0,1,1,0,1,1,1,0,0,1
303,311,https://www.twoinchbrush.com/images/painting311.png,little home in the meadow,24,4,12,https://www.youtube.com/embed/nu1zv93n-ki,"[alizarin crimson, black gesso, bright red, cadmium yellow, indian yellow, liquid clear, midnight black, phthalo blue, prussian blue, sap green, titanium white, yellow ochre]","[#4e1500, #000000, #db0000, #ffec00, #ffb800, #ffffff, #000000, #0c0040, #021e44, #0a3410, #ffffff, #c79b00]",1,1,0,1,0,0,1,0,1,1,1,0,1,1,1,0,1,1
304,312,https://www.twoinchbrush.com/images/painting312.png,a pretty autumn day,24,5,13,https://www.youtube.com/embed/hwedds3p7xi,"[alizarin crimson, black gesso, bright red, cadmium yellow, indian yellow, liquid clear, midnight black, phthalo blue, phthalo green, prussian blue, sap green, titanium white, yellow ochre]","[#4e1500, #000000, #db0000, #ffec00, #ffb800, #ffffff, #000000, #0c0040, #102e3c, #021e44, #0a3410, #ffffff, #c79b00]",1,1,0,1,0,0,1,0,1,1,1,1,1,1,1,0,1,1
306,314,https://www.twoinchbrush.com/images/painting314.png,back-country path,24,7,11,https://www.youtube.com/embed/2inmoqb1pe8,"[alizarin crimson, black gesso, bright red, cadmium yellow, indian yellow, midnight black, phthalo blue, prussian blue, sap green, titanium white, yellow ochre]","[#4e1500, #000000, #db0000, #ffec00, #ffb800, #000000, #0c0040, #021e44, #0a3410, #ffffff, #c79b00]",1,1,0,1,0,0,1,0,0,1,1,0,1,1,1,0,1,1
309,317,https://www.twoinchbrush.com/images/painting317.png,rowboat on the beach,24,10,8,https://www.youtube.com/embed/hfvhxovg43w,"[alizarin crimson, cadmium yellow, midnight black, phthalo blue, phthalo green, sap green, titanium white, yellow ochre]","[#4e1500, #ffec00, #000000, #0c0040, #102e3c, #0a3410, #ffffff, #c79b00]",0,0,0,1,0,0,0,0,0,1,1,1,0,1,1,0,1,1
310,318,https://www.twoinchbrush.com/images/painting318.png,portrait of winter,24,11,5,https://www.youtube.com/embed/jlniugoupoa,"[alizarin crimson, midnight black, phthalo blue, prussian blue, titanium white]","[#4e1500, #000000, #0c0040, #021e44, #ffffff]",0,0,0,0,0,0,0,0,0,1,1,0,1,0,1,0,0,1
312,320,https://www.twoinchbrush.com/images/painting320.png,snowbound cabin,24,13,8,https://www.youtube.com/embed/obslzwxmdak,"[alizarin crimson, black gesso, liquid clear, midnight black, phthalo blue, prussian blue, sap green, titanium white]","[#4e1500, #000000, #ffffff, #000000, #0c0040, #021e44, #0a3410, #ffffff]",1,0,0,0,0,0,0,0,1,1,1,0,1,1,1,0,0,1
314,322,https://www.twoinchbrush.com/images/painting322.png,enchanted falls oval,25,2,6,https://www.youtube.com/embed/hklpkq0lska,"[alizarin crimson, black gesso, indian yellow, sap green, titanium white, yellow ochre]","[#4e1500, #000000, #ffb800, #0a3410, #ffffff, #c79b00]",1,0,0,0,0,0,1,0,0,0,0,0,0,1,1,0,1,1
315,323,https://www.twoinchbrush.com/images/painting323.png,not quite spring,25,3,9,https://www.youtube.com/embed/n u6x7leytm,"[alizarin crimson, black gesso, cadmium yellow, dark sienna, midnight black, prussian blue, titanium white, van dyke brown, yellow ochre]","[#4e1500, #000000, #ffec00, #5f2e1f, #000000, #021e44, #ffffff, #221b15, #c79b00]",1,0,0,1,1,0,0,0,0,1,0,0,1,0,1,1,1,1
322,330,https://www.twoinchbrush.com/images/painting330.png,just before the storm,25,10,8,https://www.youtube.com/embed/rh-jkrmrmoa,"[alizarin crimson, cadmium yellow, dark sienna, midnight black, prussian blue, sap green, titanium white, van dyke brown]","[#4e1500, #ffec00, #5f2e1f, #000000, #021e44, #0a3410, #ffffff, #221b15]",0,0,0,1,1,0,0,0,0,1,0,0,1,1,1,1,0,1
326,334,https://www.twoinchbrush.com/images/painting334.png,in the stillness of morning,26,1,10,https://www.youtube.com/embed/5rfga1 ijpw,"[alizarin crimson, cadmium yellow, dark sienna, indian yellow, midnight black, prussian blue, sap green, titanium white, van dyke brown, yellow ochre]","[#4e1500, #ffec00, #5f2e1f, #ffb800, #000000, #021e44, #0a3410, #ffffff, #221b15, #c79b00]",0,0,0,1,1,0,1,0,0,1,0,0,1,1,1,1,1,1
327,335,https://www.twoinchbrush.com/images/painting335.png,delightful meadow home,26,2,9,https://www.youtube.com/embed/twoinh2usos,"[alizarin crimson, bright red, cadmium yellow, indian yellow, midnight black, prussian blue, sap green, titanium white, yellow ochre]","[#4e1500, #db0000, #ffec00, #ffb800, #000000, #021e44, #0a3410, #ffffff, #c79b00]",0,1,0,1,0,0,1,0,0,1,0,0,1,1,1,0,1,1
331,339,https://www.twoinchbrush.com/images/painting339.png,an arctic winter day,26,6,6,https://www.youtube.com/embed/9bhwlbjd95c,"[alizarin crimson, dark sienna, midnight black, prussian blue, titanium white, van dyke brown]","[#4e1500, #5f2e1f, #000000, #021e44, #ffffff, #221b15]",0,0,0,0,1,0,0,0,0,1,0,0,1,0,1,1,0,1
332,340,https://www.twoinchbrush.com/images/painting340.png,snow birch,26,7,5,https://www.youtube.com/embed/wkeemviovrm,"[black gesso, indian yellow, phthalo blue, prussian blue, titanium white]","[#000000, #ffb800, #0c0040, #021e44, #ffffff]",1,0,0,0,0,0,1,0,0,0,1,0,1,0,1,0,0,0
336,344,https://www.twoinchbrush.com/images/painting344.png,storm's a comin,26,11,10,https://www.youtube.com/embed/ehd9u-lo2wc,"[alizarin crimson, black gesso, bright red, cadmium yellow, dark sienna, midnight black, phthalo blue, phthalo green, titanium white, van dyke brown]","[#4e1500, #000000, #db0000, #ffec00, #5f2e1f, #000000, #0c0040, #102e3c, #ffffff, #221b15]",1,1,0,1,1,0,0,0,0,1,1,1,0,0,1,1,0,1
338,346,https://www.twoinchbrush.com/images/painting346.png,evening at the falls,26,13,7,https://www.youtube.com/embed/rulxvcpgpqw,"[black gesso, cadmium yellow, liquid clear, midnight black, prussian blue, sap green, titanium white]","[#000000, #ffec00, #ffffff, #000000, #021e44, #0a3410, #ffffff]",1,0,0,1,0,0,0,0,1,1,0,0,1,1,1,0,0,0
339,347,https://www.twoinchbrush.com/images/painting347.png,twilight beauty,27,1,11,https://www.youtube.com/embed/0mjqzzewyxs,"[alizarin crimson, black gesso, bright red, cadmium yellow, dark sienna, indian yellow, liquid clear, midnight black, phthalo blue, titanium white, van dyke brown]","[#4e1500, #000000, #db0000, #ffec00, #5f2e1f, #ffb800, #ffffff, #000000, #0c0040, #ffffff, #221b15]",1,1,0,1,1,0,1,0,1,1,1,0,0,0,1,1,0,1
340,348,https://www.twoinchbrush.com/images/painting348.png,angler's haven,27,2,15,https://www.youtube.com/embed/xlwfcxz0aiu,"[alizarin crimson, bright red, cadmium yellow, dark sienna, indian yellow, liquid black, liquid clear, midnight black, phthalo blue, phthalo green, prussian blue, sap green, titanium white, van dyke brown, yellow ochre]","[#4e1500, #db0000, #ffec00, #5f2e1f, #ffb800, #000000, #ffffff, #000000, #0c0040, #102e3c, #021e44, #0a3410, #ffffff, #221b15, #c79b00]",0,1,0,1,1,0,1,1,1,1,1,1,1,1,1,1,1,1
341,349,https://www.twoinchbrush.com/images/painting349.png,rustic winter woods,27,3,6,https://www.youtube.com/embed/3q8zi9480lw,"[alizarin crimson, cadmium yellow, indian yellow, midnight black, sap green, titanium white]","[#4e1500, #ffec00, #ffb800, #000000, #0a3410, #ffffff]",0,0,0,1,0,0,1,0,0,1,0,0,0,1,1,0,0,1
343,351,https://www.twoinchbrush.com/images/painting351.png,winter at the farm,27,5,7,https://www.youtube.com/embed/leivnknwz7o,"[alizarin crimson, dark sienna, liquid clear, midnight black, prussian blue, titanium white, van dyke brown]","[#4e1500, #5f2e1f, #ffffff, #000000, #021e44, #ffffff, #221b15]",0,0,0,0,1,0,0,0,1,1,0,0,1,0,1,1,0,1
344,352,https://www.twoinchbrush.com/images/painting352.png,daisies at dawn,27,6,8,https://www.youtube.com/embed/ kkzcigocbm,"[alizarin crimson, bright red, cadmium yellow, indian yellow, midnight black, sap green, titanium white, yellow ochre]","[#4e1500, #db0000, #ffec00, #ffb800, #000000, #0a3410, #ffffff, #c79b00]",0,1,0,1,0,0,1,0,0,1,0,0,0,1,1,0,1,1
346,354,https://www.twoinchbrush.com/images/painting354.png,daybreak,27,8,7,https://www.youtube.com/embed/crwdctvdmec,"[alizarin crimson, cadmium yellow, dark sienna, midnight black, prussian blue, titanium white, van dyke brown]","[#4e1500, #ffec00, #5f2e1f, #000000, #021e44, #ffffff, #221b15]",0,0,0,1,1,0,0,0,0,1,0,0,1,0,1,1,0,1
347,355,https://www.twoinchbrush.com/images/painting355.png,island paradise,27,9,12,https://www.youtube.com/embed/cg3xavhaas0,"[alizarin crimson, bright red, cadmium yellow, dark sienna, indian yellow, liquid clear, midnight black, phthalo blue, phthalo green, titanium white, van dyke brown, yellow ochre]","[#4e1500, #db0000, #ffec00, #5f2e1f, #ffb800, #ffffff, #000000, #0c0040, #102e3c, #ffffff, #221b15, #c79b00]",0,1,0,1,1,0,1,0,1,1,1,1,0,0,1,1,1,1
348,356,https://www.twoinchbrush.com/images/painting356.png,sunlight in the shadows,27,10,7,https://www.youtube.com/embed/xgjq0v2d9me,"[alizarin crimson, black gesso, liquid clear, midnight black, titanium white, van dyke brown, yellow ochre]","[#4e1500, #000000, #ffffff, #000000, #ffffff, #221b15, #c79b00]",1,0,0,0,0,0,0,0,1,1,0,0,0,0,1,1,1,1
349,357,https://www.twoinchbrush.com/images/painting357.png,splendor of a snowy winter,27,11,9,https://www.youtube.com/embed/jdxcoxkodwq,"[alizarin crimson, dark sienna, liquid black, liquid clear, midnight black, phthalo blue, prussian blue, titanium white, van dyke brown]","[#4e1500, #5f2e1f, #000000, #ffffff, #000000, #0c0040, #021e44, #ffffff, #221b15]",0,0,0,0,1,0,0,1,1,1,1,0,1,0,1,1,0,1
353,361,https://www.twoinchbrush.com/images/painting361.png,a warm winter,28,2,9,https://www.youtube.com/embed/ ttdw3ynxuo,"[alizarin crimson, bright red, cadmium yellow, midnight black, phthalo blue, prussian blue, sap green, titanium white, yellow ochre]","[#4e1500, #db0000, #ffec00, #000000, #0c0040, #021e44, #0a3410, #ffffff, #c79b00]",0,1,0,1,0,0,0,0,0,1,1,0,1,1,1,0,1,1
355,363,https://www.twoinchbrush.com/images/painting363.png,golden rays of sunshine,28,4,8,https://www.youtube.com/embed/zxj3xldnxo0,"[alizarin crimson, black gesso, indian yellow, liquid clear, phthalo blue, prussian blue, sap green, titanium white]","[#4e1500, #000000, #ffb800, #ffffff, #0c0040, #021e44, #0a3410, #ffffff]",1,0,0,0,0,0,1,0,1,0,1,0,1,1,1,0,0,1
356,364,https://www.twoinchbrush.com/images/painting364.png,the magic of fall,28,5,10,https://www.youtube.com/embed/bsm3fmeyj20,"[alizarin crimson, bright red, cadmium yellow, indian yellow, liquid clear, midnight black, phthalo blue, sap green, titanium white, yellow ochre]","[#4e1500, #db0000, #ffec00, #ffb800, #ffffff, #000000, #0c0040, #0a3410, #ffffff, #c79b00]",0,1,0,1,0,0,1,0,1,1,1,0,0,1,1,0,1,1
360,368,https://www.twoinchbrush.com/images/painting368.png,winter's grace,28,9,4,https://www.youtube.com/embed/mxj2on9wyvy,"[midnight black, phthalo blue, prussian blue, titanium white]","[#000000, #0c0040, #021e44, #ffffff]",0,0,0,0,0,0,0,0,0,1,1,0,1,0,1,0,0,0
362,370,https://www.twoinchbrush.com/images/painting370.png,tranquil seas,28,11,11,https://www.youtube.com/embed/kn1dp yqs-a,"[alizarin crimson, black gesso, bright red, cadmium yellow, indian yellow, midnight black, phthalo blue, phthalo green, sap green, titanium white, yellow ochre]","[#4e1500, #000000, #db0000, #ffec00, #ffb800, #000000, #0c0040, #102e3c, #0a3410, #ffffff, #c79b00]",1,1,0,1,0,0,1,0,0,1,1,1,0,1,1,0,1,1
364,372,https://www.twoinchbrush.com/images/painting372.png,home before nightfall,28,13,8,https://www.youtube.com/embed/22siidvyjem,"[alizarin crimson, bright red, cadmium yellow, midnight black, phthalo blue, sap green, titanium white, yellow ochre]","[#4e1500, #db0000, #ffec00, #000000, #0c0040, #0a3410, #ffffff, #c79b00]",0,1,0,1,0,0,0,0,0,1,1,0,0,1,1,0,1,1
366,374,https://www.twoinchbrush.com/images/painting374.png,autumn oval,29,2,10,https://www.youtube.com/embed/2xnidinwot0,"[alizarin crimson, bright red, cadmium yellow, dark sienna, indian yellow, midnight black, sap green, titanium white, van dyke brown, yellow ochre]","[#4e1500, #db0000, #ffec00, #5f2e1f, #ffb800, #000000, #0a3410, #ffffff, #221b15, #c79b00]",0,1,0,1,1,0,1,0,0,1,0,0,0,1,1,1,1,1
370,378,https://www.twoinchbrush.com/images/painting378.png,mountain lake falls,29,6,9,https://www.youtube.com/embed/dnep3hohsdi,"[alizarin crimson, cadmium yellow, midnight black, phthalo blue, phthalo green, prussian blue, sap green, titanium white, van dyke brown]","[#4e1500, #ffec00, #000000, #0c0040, #102e3c, #021e44, #0a3410, #ffffff, #221b15]",0,0,0,1,0,0,0,0,0,1,1,1,1,1,1,1,0,1
371,379,https://www.twoinchbrush.com/images/painting379.png,cypress creek,29,7,11,https://www.youtube.com/embed/tnb2cxkkuwm,"[alizarin crimson, black gesso, bright red, cadmium yellow, dark sienna, indian yellow, midnight black, sap green, titanium white, van dyke brown, yellow ochre]","[#4e1500, #000000, #db0000, #ffec00, #5f2e1f, #ffb800, #000000, #0a3410, #ffffff, #221b15, #c79b00]",1,1,0,1,1,0,1,0,0,1,0,0,0,1,1,1,1,1
373,381,https://www.twoinchbrush.com/images/painting381.png,storm on the horizon,29,9,9,https://www.youtube.com/embed/pa 2pauhbaq,"[alizarin crimson, bright red, dark sienna, midnight black, phthalo blue, sap green, titanium white, van dyke brown, yellow ochre]","[#4e1500, #db0000, #5f2e1f, #000000, #0c0040, #0a3410, #ffffff, #221b15, #c79b00]",0,1,0,0,1,0,0,0,0,1,1,0,0,1,1,1,1,1
374,382,https://www.twoinchbrush.com/images/painting382.png,pot o' posies,29,10,6,https://www.youtube.com/embed/2zv s uvovq,"[alizarin crimson, black gesso, bright red, midnight black, prussian blue, sap green]","[#4e1500, #000000, #db0000, #000000, #021e44, #0a3410]",1,1,0,0,0,0,0,0,0,1,0,0,1,1,0,0,0,1
376,384,https://www.twoinchbrush.com/images/painting384.png,aurora's dance,29,12,9,https://www.youtube.com/embed/irmsb9vf7gm,"[alizarin crimson, dark sienna, liquid clear, midnight black, phthalo blue, phthalo green, prussian blue, titanium white, van dyke brown]","[#4e1500, #5f2e1f, #ffffff, #000000, #0c0040, #102e3c, #021e44, #ffffff, #221b15]",0,0,0,0,1,0,0,0,1,1,1,1,1,0,1,1,0,1
379,387,https://www.twoinchbrush.com/images/painting387.png,woodgrain view,30,2,13,https://www.youtube.com/embed/fcx1yuusf3o,"[alizarin crimson, black gesso, bright red, cadmium yellow, dark sienna, indian yellow, liquid clear, midnight black, prussian blue, sap green, titanium white, van dyke brown, yellow ochre]","[#4e1500, #000000, #db0000, #ffec00, #5f2e1f, #ffb800, #ffffff, #000000, #021e44, #0a3410, #ffffff, #221b15, #c79b00]",1,1,0,1,1,0,1,0,1,1,0,0,1,1,1,1,1,1
380,388,https://www.twoinchbrush.com/images/painting388.png,winter's peace,30,3,10,https://www.youtube.com/embed/xzv3iiwi1wo,"[alizarin crimson, bright red, dark sienna, indian yellow, midnight black, phthalo blue, prussian blue, titanium white, van dyke brown, yellow ochre]","[#4e1500, #db0000, #5f2e1f, #ffb800, #000000, #0c0040, #021e44, #ffffff, #221b15, #c79b00]",0,1,0,0,1,0,1,0,0,1,1,0,1,0,1,1,1,1
386,394,https://www.twoinchbrush.com/images/painting394.png,mountains of grace,30,9,11,https://www.youtube.com/embed/nxlu q0sr7c,"[alizarin crimson, bright red, cadmium yellow, dark sienna, midnight black, phthalo blue, prussian blue, sap green, titanium white, van dyke brown, yellow ochre]","[#4e1500, #db0000, #ffec00, #5f2e1f, #000000, #0c0040, #021e44, #0a3410, #ffffff, #221b15, #c79b00]",0,1,0,1,1,0,0,0,0,1,1,0,1,1,1,1,1,1
387,395,https://www.twoinchbrush.com/images/painting395.png,seaside harmony,30,10,12,https://www.youtube.com/embed/cy6sgfs209e,"[alizarin crimson, black gesso, cadmium yellow, dark sienna, indian yellow, liquid clear, midnight black, phthalo blue, prussian blue, sap green, titanium white, van dyke brown]","[#4e1500, #000000, #ffec00, #5f2e1f, #ffb800, #ffffff, #000000, #0c0040, #021e44, #0a3410, #ffffff, #221b15]",1,0,0,1,1,0,1,0,1,1,1,0,1,1,1,1,0,1
398,406,https://www.twoinchbrush.com/images/painting406.png,trail's end,31,8,10,https://www.youtube.com/embed/xwqrp-wilgc,"[alizarin crimson, black gesso, dark sienna, liquid clear, midnight black, phthalo blue, sap green, titanium white, van dyke brown, yellow ochre]","[#4e1500, #000000, #5f2e1f, #ffffff, #000000, #0c0040, #0a3410, #ffffff, #221b15, #c79b00]",1,0,0,0,1,0,0,0,1,1,1,0,0,1,1,1,1,1
400,408,https://www.twoinchbrush.com/images/painting408.png,balmy beach,31,10,13,https://www.youtube.com/embed/kmgd6r6c4ve,"[alizarin crimson, black gesso, bright red, cadmium yellow, dark sienna, indian yellow, liquid clear, midnight black, phthalo blue, phthalo green, titanium white, van dyke brown, yellow ochre]","[#4e1500, #000000, #db0000, #ffec00, #5f2e1f, #ffb800, #ffffff, #000000, #0c0040, #102e3c, #ffffff, #221b15, #c79b00]",1,1,0,1,1,0,1,0,1,1,1,1,0,0,1,1,1,1
